{
    "settings": {
        "options": {
            "show_on_front": "page",
            "featured-content": false,
            "jetpack_global_styles": false
        },
        "theme_mods": {
            "0": false,
            "nav_menu_locations": {
                "primary": null
            },
            "hide_front_page_title": true,
            "custom_css_post_id": -1
        },
        "headstart": {
            "mapped_id_options": [],
            "mapped_id_theme_mods": [],
            "keep_submenu_items": true
        }
    },
    "widgets": [],
    "content": [
        {
            "post_type": "page",
            "post_title": "Home",
            "post_content": "<!-- wp:cover {\"url\":\"https:\/\/dotcompatterns.files.wordpress.com\/2021\/04\/pattern-links-gradient.jpeg\",\"id\":18,\"dimRatio\":0,\"overlayColor\":\"primary\",\"minHeight\":100,\"minHeightUnit\":\"vh\",\"isDark\":false,\"align\":\"full\"} -->\n<div class=\"wp-block-cover alignfull is-light\" style=\"min-height:100vh;\"><span aria-hidden=\"true\" class=\"has-primary-background-color has-background-dim-0 wp-block-cover__gradient-background has-background-dim\"><\/span><img class=\"wp-block-cover__image-background wp-image-18\" alt=\"\" src=\"https:\/\/dotcompatterns.files.wordpress.com\/2021\/04\/pattern-links-gradient.jpeg\" data-object-fit=\"cover\" \/><div class=\"wp-block-cover__inner-container\"><!-- wp:group {\"layout\":{\"inherit\":true}} -->\n<div class=\"wp-block-group\"><!-- wp:spacer {\"height\":10,\"className\":\"wp-embed-aspect-16-9 wp-has-aspect-ratio\"} -->\n<div style=\"height:10px;\" aria-hidden=\"true\" class=\"wp-block-spacer wp-embed-aspect-16-9 wp-has-aspect-ratio\"><\/div>\n<!-- \/wp:spacer -->\n\n<!-- wp:image {\"id\":12,\"width\":120,\"height\":120,\"sizeSlug\":\"large\",\"linkDestination\":\"none\"} -->\n<figure class=\"wp-block-image size-large is-resized\"><img src=\"https:\/\/skiversdemo.files.wordpress.com\/2021\/12\/pattern-links-singer.png?w=240\" alt=\"\" class=\"wp-image-12\" width=\"120\" height=\"120\" \/><\/figure>\n<!-- \/wp:image -->\n\n<!-- wp:heading {\"textAlign\":\"center\",\"level\":1,\"textColor\":\"background\",\"className\":\"wp-embed-aspect-16-9 wp-has-aspect-ratio\",\"fontSize\":\"huge\"} -->\n<h1 class=\"has-text-align-center wp-embed-aspect-16-9 wp-has-aspect-ratio has-background-color has-text-color has-huge-font-size\" id=\"freedom\"><strong>Freedom<\/strong><\/h1>\n<!-- \/wp:heading -->\n\n<!-- wp:paragraph {\"align\":\"center\",\"textColor\":\"background\",\"className\":\"wp-embed-aspect-16-9 wp-has-aspect-ratio\"} -->\n<p class=\"has-text-align-center wp-embed-aspect-16-9 wp-has-aspect-ratio has-background-color has-text-color\">by WordPress.com<\/p>\n<!-- \/wp:paragraph -->\n\n<!-- wp:spacer {\"height\":10,\"className\":\"wp-embed-aspect-16-9 wp-has-aspect-ratio\"} -->\n<div style=\"height:10px;\" aria-hidden=\"true\" class=\"wp-block-spacer wp-embed-aspect-16-9 wp-has-aspect-ratio\"><\/div>\n<!-- \/wp:spacer -->\n\n<!-- wp:embed {\"url\":\"https:\/\/www.youtube.com\/watch?v=_qX8CYToBbQ\",\"type\":\"video\",\"providerNameSlug\":\"youtube\",\"responsive\":true,\"className\":\"wp-embed-aspect-16-9 wp-has-aspect-ratio\"} -->\n<figure class=\"wp-block-embed is-type-video is-provider-youtube wp-block-embed-youtube wp-embed-aspect-16-9 wp-has-aspect-ratio\"><div class=\"wp-block-embed__wrapper\">\nhttps:\/\/www.youtube.com\/watch?v=_qX8CYToBbQ\n<\/div><\/figure>\n<!-- \/wp:embed -->\n\n<!-- wp:buttons {\"className\":\"wp-embed-aspect-16-9 wp-has-aspect-ratio\"} -->\n<div class=\"wp-block-buttons wp-embed-aspect-16-9 wp-has-aspect-ratio\"><!-- wp:button {\"textColor\":\"background\",\"width\":50,\"style\":{\"color\":{\"gradient\":\"linear-gradient(0deg,rgba(255,255,255,0.2) 0%,rgba(255,255,255,0.2) 100%)\"}},\"className\":\"is-style-fill\"} -->\n<div class=\"wp-block-button has-custom-width wp-block-button__width-50 is-style-fill\"><a class=\"wp-block-button__link has-background-color has-text-color has-background\" style=\"background:linear-gradient(0deg,rgba(255,255,255,0.2) 0%,rgba(255,255,255,0.2) 100%);\">SoundCloud<\/a><\/div>\n<!-- \/wp:button -->\n\n<!-- wp:button {\"textColor\":\"background\",\"width\":50,\"style\":{\"color\":{\"gradient\":\"linear-gradient(0deg,rgba(255,255,255,0.2) 0%,rgba(255,255,255,0.2) 100%)\"}},\"className\":\"is-style-fill\"} -->\n<div class=\"wp-block-button has-custom-width wp-block-button__width-50 is-style-fill\"><a class=\"wp-block-button__link has-background-color has-text-color has-background\" style=\"background:linear-gradient(0deg,rgba(255,255,255,0.2) 0%,rgba(255,255,255,0.2) 100%);\">Spotify<\/a><\/div>\n<!-- \/wp:button -->\n\n<!-- wp:button {\"textColor\":\"background\",\"width\":50,\"style\":{\"color\":{\"gradient\":\"linear-gradient(0deg,rgba(255,255,255,0.2) 0%,rgba(255,255,255,0.2) 100%)\"}},\"className\":\"is-style-fill\"} -->\n<div class=\"wp-block-button has-custom-width wp-block-button__width-50 is-style-fill\"><a class=\"wp-block-button__link has-background-color has-text-color has-background\" style=\"background:linear-gradient(0deg,rgba(255,255,255,0.2) 0%,rgba(255,255,255,0.2) 100%);\">Bandcamp<\/a><\/div>\n<!-- \/wp:button -->\n\n<!-- wp:button {\"textColor\":\"background\",\"width\":50,\"style\":{\"color\":{\"gradient\":\"linear-gradient(0deg,rgba(255,255,255,0.2) 0%,rgba(255,255,255,0.2) 100%)\"}},\"className\":\"is-style-fill\"} -->\n<div class=\"wp-block-button has-custom-width wp-block-button__width-50 is-style-fill\"><a class=\"wp-block-button__link has-background-color has-text-color has-background\" style=\"background:linear-gradient(0deg,rgba(255,255,255,0.2) 0%,rgba(255,255,255,0.2) 100%);\">Apple Music<\/a><\/div>\n<!-- \/wp:button -->\n\n<!-- wp:button {\"textColor\":\"background\",\"width\":50,\"style\":{\"color\":{\"gradient\":\"linear-gradient(0deg,rgba(255,255,255,0.2) 0%,rgba(255,255,255,0.2) 100%)\"}},\"className\":\"is-style-fill\"} -->\n<div class=\"wp-block-button has-custom-width wp-block-button__width-50 is-style-fill\"><a class=\"wp-block-button__link has-background-color has-text-color has-background\" style=\"background:linear-gradient(0deg,rgba(255,255,255,0.2) 0%,rgba(255,255,255,0.2) 100%);\">YouTube<\/a><\/div>\n<!-- \/wp:button -->\n\n<!-- wp:button {\"textColor\":\"background\",\"width\":50,\"style\":{\"color\":{\"gradient\":\"linear-gradient(0deg,rgba(255,255,255,0.2) 0%,rgba(255,255,255,0.2) 100%)\"}},\"className\":\"is-style-fill\"} -->\n<div class=\"wp-block-button has-custom-width wp-block-button__width-50 is-style-fill\"><a class=\"wp-block-button__link has-background-color has-text-color has-background\" style=\"background:linear-gradient(0deg,rgba(255,255,255,0.2) 0%,rgba(255,255,255,0.2) 100%);\">Tidal<\/a><\/div>\n<!-- \/wp:button --><\/div>\n<!-- \/wp:buttons -->\n\n<!-- wp:spacer {\"height\":20,\"className\":\"wp-embed-aspect-16-9 wp-has-aspect-ratio\"} -->\n<div style=\"height:20px;\" aria-hidden=\"true\" class=\"wp-block-spacer wp-embed-aspect-16-9 wp-has-aspect-ratio\"><\/div>\n<!-- \/wp:spacer -->\n\n<!-- wp:social-links {\"iconColor\":\"background\",\"iconColorValue\":\"#ffffff\",\"align\":\"center\",\"className\":\"wp-embed-aspect-16-9 wp-has-aspect-ratio is-style-logos-only\"} -->\n<ul class=\"wp-block-social-links aligncenter has-icon-color wp-embed-aspect-16-9 wp-has-aspect-ratio is-style-logos-only\"><!-- wp:social-link {\"url\":\"https:\/\/linkedin.com\/\",\"service\":\"linkedin\"} \/-->\n\n<!-- wp:social-link {\"url\":\"https:\/\/twitter.com\/\",\"service\":\"twitter\"} \/-->\n\n<!-- wp:social-link {\"url\":\"https:\/\/instagram.com\/\",\"service\":\"instagram\"} \/--><\/ul>\n<!-- \/wp:social-links --><\/div>\n<!-- \/wp:group -->\n\n<!-- wp:paragraph -->\n<p><\/p>\n<!-- \/wp:paragraph --><\/div><\/div>\n<!-- \/wp:cover -->",
            "post_name": "home",
            "post_excerpt": "",
            "menu_order": 0,
            "post_status": "publish",
            "comment_status": "closed",
            "ping_status": "closed",
            "_starter_page_template": "",
            "hs_old_id": 6,
            "hs_post_parent": 0,
            "hs_taxonomies": [],
            "hs_custom_meta": "_hs_front_page",
            "page_template": "footer-only"
        }
    ],
    "menus": [],
    "images": [
        "https:\/\/skiversdemo.files.wordpress.com\/2021\/12\/pattern-links-singer.png"
    ],
    "meta": {
        "blog_id": 200545823,
        "url": "https:\/\/skiversdemo.wordpress.com",
        "update_date": "December 6, 2021, 6:04 am",
        "update_timestamp": 1638770645
    }
}
